State,Year,Month,Average Rainfall,Total Rainfall
Johor,2014,January,5.49,170.24
Johor,2014,February,8.78,245.81
Johor,2014,March,4.47,138.66
Johor,2014,April,6.45,193.37
Johor,2014,May,5.95,184.55
Johor,2014,June,3.99,119.83
Johor,2014,July,5.97,185.04
Johor,2014,August,3.49,108.34
Johor,2014,September,4.4,131.93
Johor,2014,October,5.53,171.45
Johor,2014,November,7,209.92
Johor,2014,December,8.02,248.59
Johor,2015,January,6.41,198.8
Johor,2015,February,1.52,42.55
Johor,2015,March,8.34,258.53
Johor,2015,April,5.33,160
Johor,2015,May,3.35,103.91
Johor,2015,June,2.79,83.63
Johor,2015,July,3.31,102.55
Johor,2015,August,4.69,145.3
Johor,2015,September,7.99,239.69
Johor,2015,October,8.19,253.96
Johor,2015,November,12.91,387.34
Johor,2015,December,4.63,143.49
Johor,2016,January,9.51,294.76
Johor,2016,February,5.02,145.65
Johor,2016,March,5.05,156.51
Johor,2016,April,4.98,149.46
Johor,2016,May,3.91,121.08
Johor,2016,June,3.02,90.71
Johor,2016,July,7.59,235.17
Johor,2016,August,5.33,165.19
Johor,2016,September,11.56,346.91
Johor,2016,October,7.12,220.64
Johor,2016,November,7.78,233.41
Johor,2016,December,13.99,433.71
Johor,2017,January,3.13,97.13
Johor,2017,February,3.19,89.4
Johor,2017,March,7.71,238.96
Johor,2017,April,7.13,213.79
Johor,2017,May,7.15,221.52
Johor,2017,June,3.61,108.18
Johor,2017,July,3.59,111.38
Johor,2017,August,4.61,142.8
Johor,2017,September,4,120.02
Johor,2017,October,4.83,149.65
Johor,2017,November,7.81,234.27
Johor,2017,December,7.12,220.74
Johor,2018,January,4.73,146.66
Johor,2018,February,4.9,137.18
Johor,2018,March,2.29,71.07
Johor,2018,April,5.25,157.43
Johor,2018,May,4.57,141.68
Johor,2018,June,3.03,91.02
Johor,2018,July,4.88,151.19
Johor,2018,August,7.76,240.6
Johor,2018,September,7.06,211.68
Johor,2018,October,4.69,145.25
Johor,2018,November,4.28,128.49
Johor,2018,December,13.27,411.29
Johor,2019,January,7.65,237.21
Johor,2019,February,1.57,43.9
Johor,2019,March,2.65,82.13
Johor,2019,April,7.46,223.84
Johor,2019,May,3.34,103.58
Johor,2019,June,3.72,111.47
Johor,2019,July,3.64,112.76
Johor,2019,August,3.49,108.11
Johor,2019,September,5.32,159.46
Johor,2019,October,7.01,217.29
Johor,2019,November,6.6,197.87
Johor,2019,December,10.49,325.05
Johor,2020,January,8.15,252.67
Johor,2020,February,4.33,125.71
Johor,2020,March,6.04,187.16
Johor,2020,April,5.39,161.82
Johor,2020,May,7.99,247.65
Johor,2020,June,5.61,168.21
Johor,2020,July,5.09,157.8
Johor,2020,August,4.26,131.98
Johor,2020,September,5.95,178.52
Johor,2020,October,5.48,169.78
Johor,2020,November,8.35,250.35
Johor,2020,December,9.43,292.39
Kedah,2014,January,0.66,20.54
Kedah,2014,February,6.71,187.98
Kedah,2014,March,6.48,201
Kedah,2014,April,9.57,287.17
Kedah,2014,May,6.76,209.45
Kedah,2014,June,4.51,135.29
Kedah,2014,July,3.81,118.1
Kedah,2014,August,5.4,167.54
Kedah,2014,September,9.51,285.36
Kedah,2014,October,10.12,313.62
Kedah,2014,November,5.96,178.74
Kedah,2014,December,3.4,105.48
Kedah,2015,January,0.94,29
Kedah,2015,February,4.76,133.15
Kedah,2015,March,2.33,72.17
Kedah,2015,April,6.78,203.37
Kedah,2015,May,6.55,203.04
Kedah,2015,June,7.83,234.76
Kedah,2015,July,5.69,176.54
Kedah,2015,August,4.3,133.34
Kedah,2015,September,5.19,155.56
Kedah,2015,October,5.94,184.2
Kedah,2015,November,5.64,169.3
Kedah,2015,December,2.15,66.64
Kedah,2016,January,3.77,116.81
Kedah,2016,February,0.49,14.33
Kedah,2016,March,3.43,106.34
Kedah,2016,April,10.41,312.19
Kedah,2016,May,7.64,236.91
Kedah,2016,June,6.97,209.13
Kedah,2016,July,5.64,174.88
Kedah,2016,August,4.88,151.14
Kedah,2016,September,6.78,203.54
Kedah,2016,October,5.17,160.17
Kedah,2016,November,6.43,192.86
Kedah,2016,December,2.25,69.71
Kedah,2017,January,1.58,49.05
Kedah,2017,February,9.21,257.76
Kedah,2017,March,1.87,58.06
Kedah,2017,April,7.07,212.02
Kedah,2017,May,4.94,153.22
Kedah,2017,June,4.46,133.92
Kedah,2017,July,9.14,283.23
Kedah,2017,August,7.66,237.4
Kedah,2017,September,13.51,405.37
Kedah,2017,October,12.9,399.78
Kedah,2017,November,6.92,207.66
Kedah,2017,December,0.96,29.65
Kedah,2018,January,1.36,42.16
Kedah,2018,February,0.85,23.84
Kedah,2018,March,4.05,125.5
Kedah,2018,April,5.01,150.35
Kedah,2018,May,5.61,173.91
Kedah,2018,June,2.16,64.66
Kedah,2018,July,1.24,38.5
Kedah,2018,August,2.32,71.79
Kedah,2018,September,1.54,46.22
Kedah,2018,October,1.33,41.19
Kedah,2018,November,5.37,160.98
Kedah,2018,December,1.16,35.82
Kedah,2019,January,6.1,189.14
Kedah,2019,February,5.01,140.3
Kedah,2019,March,7.67,237.65
Kedah,2019,April,9.66,289.66
Kedah,2019,May,9.03,279.9
Kedah,2019,June,1.89,56.57
Kedah,2019,July,3.25,100.68
Kedah,2019,August,1.56,48.23
Kedah,2019,September,2.58,77.36
Kedah,2019,October,3.66,113.37
Kedah,2019,November,5.34,160.3
Kedah,2019,December,3.25,100.87
Kedah,2020,January,1.21,37.6
Kedah,2020,February,2.54,73.67
Kedah,2020,March,2.28,70.71
Kedah,2020,April,7.43,222.98
Kedah,2020,May,6.98,216.44
Kedah,2020,June,8.46,253.65
Kedah,2020,July,4.47,138.44
Kedah,2020,August,9.4,291.41
Kedah,2020,September,13.82,414.64
Kedah,2020,October,13.9,431.01
Kedah,2020,November,9.93,297.99
Kedah,2020,December,2.92,90.59
Kelantan,2014,January,2.51,77.71
Kelantan,2014,February,8.2,229.51
Kelantan,2014,March,5.92,183.47
Kelantan,2014,April,3.53,105.76
Kelantan,2014,May,8.49,263.1
Kelantan,2014,June,4.82,144.55
Kelantan,2014,July,4.68,145.19
Kelantan,2014,August,5.21,161.41
Kelantan,2014,September,9.21,276.38
Kelantan,2014,October,9.09,281.69
Kelantan,2014,November,14.72,441.65
Kelantan,2014,December,19.35,599.91
Kelantan,2015,January,3.32,102.78
Kelantan,2015,February,4.5,126.04
Kelantan,2015,March,2.43,75.18
Kelantan,2015,April,3.91,117.2
Kelantan,2015,May,6.14,190.3
Kelantan,2015,June,6.67,199.95
Kelantan,2015,July,4.64,143.81
Kelantan,2015,August,5.07,157.2
Kelantan,2015,September,5.46,163.74
Kelantan,2015,October,6.37,197.52
Kelantan,2015,November,10.13,303.83
Kelantan,2015,December,15.98,495.36
Kelantan,2016,January,5.33,165.25
Kelantan,2016,February,2.11,61.17
Kelantan,2016,March,2.78,86.05
Kelantan,2016,April,4.77,143.02
Kelantan,2016,May,5.75,178.21
Kelantan,2016,June,4.64,139.06
Kelantan,2016,July,5.95,184.55
Kelantan,2016,August,4.88,151.4
Kelantan,2016,September,5.22,156.49
Kelantan,2016,October,7.55,234
Kelantan,2016,November,13.22,396.47
Kelantan,2016,December,31.21,967.59
Kelantan,2017,January,6.2,192.18
Kelantan,2017,February,6.48,181.36
Kelantan,2017,March,2.81,87.06
Kelantan,2017,April,5.21,156.16
Kelantan,2017,May,7.28,225.64
Kelantan,2017,June,4.88,146.45
Kelantan,2017,July,7.36,228.31
Kelantan,2017,August,6.26,194.04
Kelantan,2017,September,9.2,276.12
Kelantan,2017,October,6.25,193.79
Kelantan,2017,November,15.13,453.99
Kelantan,2017,December,5.53,171.44
Kelantan,2018,January,2.38,73.68
Kelantan,2018,February,2.11,59.15
Kelantan,2018,March,3.05,94.42
Kelantan,2018,April,3.2,96.11
Kelantan,2018,May,3.99,123.59
Kelantan,2018,June,3.54,106.24
Kelantan,2018,July,1.92,59.59
Kelantan,2018,August,1.97,61.1
Kelantan,2018,September,3.3,98.87
Kelantan,2018,October,1.26,39.01
Kelantan,2018,November,6.45,193.6
Kelantan,2018,December,9.27,287.22
Kelantan,2019,January,18.17,563.34
Kelantan,2019,February,6.49,181.83
Kelantan,2019,March,7.88,244.41
Kelantan,2019,April,6.44,193.19
Kelantan,2019,May,7.07,219.19
Kelantan,2019,June,3.59,107.82
Kelantan,2019,July,2.97,92.03
Kelantan,2019,August,1.81,56.01
Kelantan,2019,September,3.24,97.06
Kelantan,2019,October,1.71,53.09
Kelantan,2019,November,6.95,208.63
Kelantan,2019,December,13.42,416.14
Kelantan,2020,January,2.42,75.03
Kelantan,2020,February,2.58,74.82
Kelantan,2020,March,2.45,75.94
Kelantan,2020,April,4.31,129.28
Kelantan,2020,May,6.15,190.8
Kelantan,2020,June,9.35,280.5
Kelantan,2020,July,7.75,240.33
Kelantan,2020,August,6.92,214.43
Kelantan,2020,September,8.14,244.24
Kelantan,2020,October,12.73,394.52
Kelantan,2020,November,23.59,707.81
Kelantan,2020,December,16.9,523.97
Melaka,2014,January,1.38,42.69
Melaka,2014,February,4.75,132.9
Melaka,2014,March,3.61,111.79
Melaka,2014,April,9.53,285.87
Melaka,2014,May,6.26,194.07
Melaka,2014,June,4.51,135.27
Melaka,2014,July,6.15,190.72
Melaka,2014,August,2.85,88.5
Melaka,2014,September,6.89,206.57
Melaka,2014,October,7.04,218.18
Melaka,2014,November,7.15,214.49
Melaka,2014,December,3.96,122.77
Melaka,2015,January,2.39,74.06
Melaka,2015,February,1.2,33.46
Melaka,2015,March,9.27,287.49
Melaka,2015,April,6.01,180.24
Melaka,2015,May,2.92,90.44
Melaka,2015,June,2.09,62.71
Melaka,2015,July,4.8,148.76
Melaka,2015,August,3.49,108.24
Melaka,2015,September,7.41,222.19
Melaka,2015,October,6.73,208.69
Melaka,2015,November,7.22,216.48
Melaka,2015,December,1.97,61.04
Melaka,2016,January,4.8,148.73
Melaka,2016,February,1.57,45.59
Melaka,2016,March,2.91,90.16
Melaka,2016,April,5.95,178.38
Melaka,2016,May,4.63,143.41
Melaka,2016,June,2.36,70.87
Melaka,2016,July,6.73,208.52
Melaka,2016,August,5.78,179.28
Melaka,2016,September,8.38,251.38
Melaka,2016,October,4.28,132.62
Melaka,2016,November,4.46,133.74
Melaka,2016,December,3.99,123.65
Melaka,2017,January,1.61,50.02
Melaka,2017,February,3.04,85.04
Melaka,2017,March,6.58,203.94
Melaka,2017,April,2.96,88.71
Melaka,2017,May,4.88,151.13
Melaka,2017,June,3.13,93.83
Melaka,2017,July,5.1,158
Melaka,2017,August,4.38,135.73
Melaka,2017,September,5.61,168.32
Melaka,2017,October,5.97,185.22
Melaka,2017,November,7.16,214.91
Melaka,2017,December,2.05,63.6
Melaka,2018,January,1.84,57.02
Melaka,2018,February,3.94,110.34
Melaka,2018,March,1.4,43.41
Melaka,2018,April,4.83,144.96
Melaka,2018,May,4.96,153.65
Melaka,2018,June,1.67,50.18
Melaka,2018,July,3.05,94.64
Melaka,2018,August,5.02,155.63
Melaka,2018,September,6.28,188.48
Melaka,2018,October,2.58,80.09
Melaka,2018,November,3.54,106.1
Melaka,2018,December,2.18,67.48
Melaka,2019,January,1.31,40.64
Melaka,2019,February,1.48,41.46
Melaka,2019,March,4.95,153.37
Melaka,2019,April,7.52,225.46
Melaka,2019,May,2.34,72.42
Melaka,2019,June,2.93,87.91
Melaka,2019,July,3.4,105.41
Melaka,2019,August,2.51,77.95
Melaka,2019,September,4.07,122.2
Melaka,2019,October,3.5,108.49
Melaka,2019,November,6.53,195.8
Melaka,2019,December,4.41,136.63
Melaka,2020,January,2.61,80.97
Melaka,2020,February,5.33,154.56
Melaka,2020,March,5.9,182.97
Melaka,2020,April,4.64,139.09
Melaka,2020,May,5.43,168.19
Melaka,2020,June,6.33,189.79
Melaka,2020,July,4.13,128.06
Melaka,2020,August,4.05,125.52
Melaka,2020,September,6.52,195.5
Melaka,2020,October,7.81,242.23
Melaka,2020,November,8,240.01
Melaka,2020,December,6.33,196.27
Negeri Sembilan,2014,January,3.15,97.62
Negeri Sembilan,2014,February,4.66,130.51
Negeri Sembilan,2014,March,4.64,143.98
Negeri Sembilan,2014,April,8.47,254.14
Negeri Sembilan,2014,May,5.85,181.29
Negeri Sembilan,2014,June,2.59,77.59
Negeri Sembilan,2014,July,5.19,160.81
Negeri Sembilan,2014,August,2.41,74.78
Negeri Sembilan,2014,September,4.45,133.6
Negeri Sembilan,2014,October,5.96,184.79
Negeri Sembilan,2014,November,10.19,305.81
Negeri Sembilan,2014,December,3.9,120.99
Negeri Sembilan,2015,January,3.53,109.36
Negeri Sembilan,2015,February,2.51,70.33
Negeri Sembilan,2015,March,4.72,146.37
Negeri Sembilan,2015,April,3.75,112.64
Negeri Sembilan,2015,May,4.52,140.25
Negeri Sembilan,2015,June,1.67,50.03
Negeri Sembilan,2015,July,2.62,81.24
Negeri Sembilan,2015,August,2.35,72.89
Negeri Sembilan,2015,September,6.54,196.05
Negeri Sembilan,2015,October,7.69,238.51
Negeri Sembilan,2015,November,6.61,198.25
Negeri Sembilan,2015,December,2.93,90.92
Negeri Sembilan,2016,January,4.15,128.53
Negeri Sembilan,2016,February,2.64,76.47
Negeri Sembilan,2016,March,3.74,115.79
Negeri Sembilan,2016,April,7.14,214.31
Negeri Sembilan,2016,May,4.53,140.32
Negeri Sembilan,2016,June,2.84,85.22
Negeri Sembilan,2016,July,8.18,253.72
Negeri Sembilan,2016,August,4.54,140.86
Negeri Sembilan,2016,September,7.16,214.78
Negeri Sembilan,2016,October,3.91,121.09
Negeri Sembilan,2016,November,5.04,151.09
Negeri Sembilan,2016,December,5.65,175.28
Negeri Sembilan,2017,January,2.09,64.66
Negeri Sembilan,2017,February,2.84,79.53
Negeri Sembilan,2017,March,5.28,163.8
Negeri Sembilan,2017,April,5.13,154.04
Negeri Sembilan,2017,May,4.93,152.88
Negeri Sembilan,2017,June,2.22,66.53
Negeri Sembilan,2017,July,4.09,126.68
Negeri Sembilan,2017,August,3.81,118.12
Negeri Sembilan,2017,September,4.17,124.95
Negeri Sembilan,2017,October,5.02,155.64
Negeri Sembilan,2017,November,7.67,230.22
Negeri Sembilan,2017,December,3.75,116.26
Negeri Sembilan,2018,January,2.16,67
Negeri Sembilan,2018,February,5.71,159.82
Negeri Sembilan,2018,March,3.84,118.99
Negeri Sembilan,2018,April,4.02,120.74
Negeri Sembilan,2018,May,3.89,120.68
Negeri Sembilan,2018,June,1.64,49.3
Negeri Sembilan,2018,July,1.82,56.54
Negeri Sembilan,2018,August,6.22,192.95
Negeri Sembilan,2018,September,3.7,111.13
Negeri Sembilan,2018,October,1.94,60.13
Negeri Sembilan,2018,November,3.37,101.17
Negeri Sembilan,2018,December,4.59,142.36
Negeri Sembilan,2019,January,1.46,45.3
Negeri Sembilan,2019,February,2.06,57.55
Negeri Sembilan,2019,March,4.22,130.93
Negeri Sembilan,2019,April,7.16,214.75
Negeri Sembilan,2019,May,2.69,83.53
Negeri Sembilan,2019,June,2.8,83.96
Negeri Sembilan,2019,July,1.88,58.18
Negeri Sembilan,2019,August,1.53,47.55
Negeri Sembilan,2019,September,3.25,97.37
Negeri Sembilan,2019,October,2.41,74.66
Negeri Sembilan,2019,November,6.6,198.14
Negeri Sembilan,2019,December,7.67,237.86
Negeri Sembilan,2020,January,3.17,98.27
Negeri Sembilan,2020,February,7.28,211.08
Negeri Sembilan,2020,March,4.99,154.78
Negeri Sembilan,2020,April,6.83,204.76
Negeri Sembilan,2020,May,5.33,165.31
Negeri Sembilan,2020,June,3.85,115.64
Negeri Sembilan,2020,July,4.55,140.91
Negeri Sembilan,2020,August,3.69,114.44
Negeri Sembilan,2020,September,5.34,160.17
Negeri Sembilan,2020,October,5.5,170.53
Negeri Sembilan,2020,November,7.43,223.01
Negeri Sembilan,2020,December,6.8,210.88
Pahang,2014,January,6.87,212.91
Pahang,2014,February,4.65,130.15
Pahang,2014,March,4.72,146.45
Pahang,2014,April,6.52,195.55
Pahang,2014,May,6.2,192.21
Pahang,2014,June,4.06,121.76
Pahang,2014,July,5.56,172.25
Pahang,2014,August,3.28,101.72
Pahang,2014,September,5.19,155.63
Pahang,2014,October,7.32,226.91
Pahang,2014,November,14.26,427.89
Pahang,2014,December,8.31,257.73
Pahang,2015,January,8.79,272.52
Pahang,2015,February,2.98,83.57
Pahang,2015,March,2.91,90.32
Pahang,2015,April,3.97,119.15
Pahang,2015,May,4.34,134.63
Pahang,2015,June,2.41,72.31
Pahang,2015,July,2.52,78.08
Pahang,2015,August,3.09,95.78
Pahang,2015,September,6.03,180.8
Pahang,2015,October,8.77,271.86
Pahang,2015,November,10.33,309.81
Pahang,2015,December,8.59,266.2
Pahang,2016,January,5.31,164.65
Pahang,2016,February,3.36,97.38
Pahang,2016,March,4.17,129.32
Pahang,2016,April,7.1,213.09
Pahang,2016,May,5.94,184.09
Pahang,2016,June,3.52,105.56
Pahang,2016,July,9.67,299.88
Pahang,2016,August,3.51,108.8
Pahang,2016,September,6.26,187.85
Pahang,2016,October,5.44,168.72
Pahang,2016,November,8.37,251.12
Pahang,2016,December,12.36,383.16
Pahang,2017,January,4.78,148.1
Pahang,2017,February,3.46,96.88
Pahang,2017,March,4.11,127.42
Pahang,2017,April,6.25,187.59
Pahang,2017,May,5.21,161.64
Pahang,2017,June,3.36,100.69
Pahang,2017,July,5.85,181.33
Pahang,2017,August,5.06,156.98
Pahang,2017,September,5.56,166.75
Pahang,2017,October,6.11,189.42
Pahang,2017,November,9.69,290.81
Pahang,2017,December,10.54,326.89
Pahang,2018,January,5.96,184.86
Pahang,2018,February,5.65,158.25
Pahang,2018,March,4.68,145
Pahang,2018,April,4.25,127.36
Pahang,2018,May,4.38,135.68
Pahang,2018,June,2.66,79.69
Pahang,2018,July,2.19,67.74
Pahang,2018,August,4.23,131.14
Pahang,2018,September,2.82,84.5
Pahang,2018,October,1.92,59.49
Pahang,2018,November,2.98,89.41
Pahang,2018,December,9.76,302.59
Pahang,2019,January,4.09,126.67
Pahang,2019,February,3.18,88.98
Pahang,2019,March,5.36,166.06
Pahang,2019,April,7.68,230.4
Pahang,2019,May,4.32,133.85
Pahang,2019,June,4.66,139.86
Pahang,2019,July,2.02,62.61
Pahang,2019,August,1.48,45.91
Pahang,2019,September,3.24,97.34
Pahang,2019,October,2.44,75.62
Pahang,2019,November,7.1,212.92
Pahang,2019,December,12.84,398.15
Pahang,2020,January,4.13,127.96
Pahang,2020,February,4.14,119.94
Pahang,2020,March,3.2,99.2
Pahang,2020,April,5.31,159.2
Pahang,2020,May,5.22,161.73
Pahang,2020,June,4.73,141.86
Pahang,2020,July,5.3,164.31
Pahang,2020,August,4.82,149.52
Pahang,2020,September,5.21,156.44
Pahang,2020,October,5.64,174.95
Pahang,2020,November,6.16,184.7
Pahang,2020,December,15.24,472.39
Pulau Pinang,2014,January,0.78,24.3
Pulau Pinang,2014,February,7.07,197.95
Pulau Pinang,2014,March,8.72,270.18
Pulau Pinang,2014,April,9.07,272.19
Pulau Pinang,2014,May,7.48,231.96
Pulau Pinang,2014,June,3.72,111.5
Pulau Pinang,2014,July,2.82,87.34
Pulau Pinang,2014,August,4.72,146.35
Pulau Pinang,2014,September,10,300.03
Pulau Pinang,2014,October,9.53,295.47
Pulau Pinang,2014,November,7.26,217.65
Pulau Pinang,2014,December,3.81,118.21
Pulau Pinang,2015,January,1.37,42.38
Pulau Pinang,2015,February,5.22,146.19
Pulau Pinang,2015,March,2.72,84.3
Pulau Pinang,2015,April,6.87,206.18
Pulau Pinang,2015,May,4.38,135.88
Pulau Pinang,2015,June,7.12,213.55
Pulau Pinang,2015,July,5.26,163.21
Pulau Pinang,2015,August,3.14,97.24
Pulau Pinang,2015,September,3.99,119.81
Pulau Pinang,2015,October,7.69,238.29
Pulau Pinang,2015,November,5.53,165.95
Pulau Pinang,2015,December,2.97,92.14
Pulau Pinang,2016,January,6.37,197.34
Pulau Pinang,2016,February,1.22,35.34
Pulau Pinang,2016,March,2.84,87.98
Pulau Pinang,2016,April,9.29,278.81
Pulau Pinang,2016,May,5.67,175.86
Pulau Pinang,2016,June,5.42,162.47
Pulau Pinang,2016,July,5.72,177.35
Pulau Pinang,2016,August,4.35,134.78
Pulau Pinang,2016,September,6.96,208.69
Pulau Pinang,2016,October,6.55,203.08
Pulau Pinang,2016,November,6.64,199.05
Pulau Pinang,2016,December,4.2,130.17
Pulau Pinang,2017,January,3.02,93.73
Pulau Pinang,2017,February,8.13,227.54
Pulau Pinang,2017,March,3.03,93.84
Pulau Pinang,2017,April,4.8,143.91
Pulau Pinang,2017,May,4.52,140.18
Pulau Pinang,2017,June,4.63,138.94
Pulau Pinang,2017,July,7.97,247.07
Pulau Pinang,2017,August,6.44,199.67
Pulau Pinang,2017,September,11.28,338.47
Pulau Pinang,2017,October,11.23,348.24
Pulau Pinang,2017,November,8.45,253.55
Pulau Pinang,2017,December,1.04,32.32
Pulau Pinang,2018,January,1.94,60.14
Pulau Pinang,2018,February,2.07,57.88
Pulau Pinang,2018,March,4.03,124.98
Pulau Pinang,2018,April,5.31,159.19
Pulau Pinang,2018,May,4.4,136.36
Pulau Pinang,2018,June,1.59,47.82
Pulau Pinang,2018,July,0.93,28.86
Pulau Pinang,2018,August,1.97,61.21
Pulau Pinang,2018,September,3.04,91.19
Pulau Pinang,2018,October,0.4,12.36
Pulau Pinang,2018,November,2.62,78.54
Pulau Pinang,2018,December,1.51,46.85
Pulau Pinang,2019,January,6.19,191.94
Pulau Pinang,2019,February,5.84,163.4
Pulau Pinang,2019,March,7.02,217.66
Pulau Pinang,2019,April,8.52,255.51
Pulau Pinang,2019,May,6.06,187.94
Pulau Pinang,2019,June,2.02,60.58
Pulau Pinang,2019,July,1.97,61.21
Pulau Pinang,2019,August,0.53,16.57
Pulau Pinang,2019,September,3.43,103.02
Pulau Pinang,2019,October,0.34,10.66
Pulau Pinang,2019,November,2.88,86.49
Pulau Pinang,2019,December,4.18,129.52
Pulau Pinang,2020,January,2.76,85.5
Pulau Pinang,2020,February,3.74,108.49
Pulau Pinang,2020,March,3.33,103.26
Pulau Pinang,2020,April,7.12,213.45
Pulau Pinang,2020,May,6.21,192.59
Pulau Pinang,2020,June,8.94,268.05
Pulau Pinang,2020,July,4.12,127.78
Pulau Pinang,2020,August,7.05,218.7
Pulau Pinang,2020,September,11.74,352.15
Pulau Pinang,2020,October,19.19,594.95
Pulau Pinang,2020,November,13.97,419
Pulau Pinang,2020,December,5.75,178.3
Perak,2014,January,2.69,83.32
Perak,2014,February,8.43,236.16
Perak,2014,March,8.48,263
Perak,2014,April,8.51,255.25
Perak,2014,May,7.81,242.12
Perak,2014,June,4.19,125.6
Perak,2014,July,4.83,149.75
Perak,2014,August,3.37,104.43
Perak,2014,September,7.53,225.77
Perak,2014,October,9.72,301.33
Perak,2014,November,11.05,331.6
Perak,2014,December,7.5,232.65
Perak,2015,January,4.24,131.4
Perak,2015,February,5.71,159.84
Perak,2015,March,3.91,121.34
Perak,2015,April,6.4,192.02
Perak,2015,May,4.91,152.2
Perak,2015,June,5.04,151.24
Perak,2015,July,4.36,135.21
Perak,2015,August,4.04,125.25
Perak,2015,September,5.46,163.7
Perak,2015,October,7.19,222.89
Perak,2015,November,7.56,226.88
Perak,2015,December,8.05,249.69
Perak,2016,January,7.26,225
Perak,2016,February,2.5,72.57
Perak,2016,March,4.42,137.01
Perak,2016,April,8.42,252.49
Perak,2016,May,7.15,221.5
Perak,2016,June,3.9,116.88
Perak,2016,July,6.26,194.2
Perak,2016,August,4.82,149.28
Perak,2016,September,7.19,215.63
Perak,2016,October,5.69,176.37
Perak,2016,November,8.51,255.28
Perak,2016,December,9.63,298.66
Perak,2017,January,4.26,132.04
Perak,2017,February,7.73,216.52
Perak,2017,March,3.4,105.43
Perak,2017,April,4.76,142.71
Perak,2017,May,6.07,188.06
Perak,2017,June,4.24,127.25
Perak,2017,July,6.42,199.1
Perak,2017,August,5.46,169.15
Perak,2017,September,9.17,274.95
Perak,2017,October,9.23,286.02
Perak,2017,November,10.77,323.1
Perak,2017,December,3.17,98.15
Perak,2018,January,3.05,94.49
Perak,2018,February,4.33,121.1
Perak,2018,March,4.5,139.57
Perak,2018,April,5.07,152.1
Perak,2018,May,4.67,144.84
Perak,2018,June,2.08,62.44
Perak,2018,July,2.08,64.61
Perak,2018,August,1.91,59.31
Perak,2018,September,2.89,86.66
Perak,2018,October,1.67,51.71
Perak,2018,November,4.39,131.68
Perak,2018,December,4.35,134.83
Perak,2019,January,9.65,299.08
Perak,2019,February,7.59,212.4
Perak,2019,March,9.42,291.92
Perak,2019,April,9.3,279.1
Perak,2019,May,6.76,209.68
Perak,2019,June,2.86,85.86
Perak,2019,July,2.63,81.66
Perak,2019,August,1.04,32.32
Perak,2019,September,3.13,93.91
Perak,2019,October,2.56,79.34
Perak,2019,November,5.15,154.63
Perak,2019,December,6.95,215.38
Perak,2020,January,3.12,96.57
Perak,2020,February,3.5,101.47
Perak,2020,March,3.6,111.57
Perak,2020,April,7.08,212.46
Perak,2020,May,6.72,208.47
Perak,2020,June,7.13,213.79
Perak,2020,July,5.33,165.09
Perak,2020,August,6.12,189.73
Perak,2020,September,8.67,260.13
Perak,2020,October,14.04,435.38
Perak,2020,November,13.41,402.15
Perak,2020,December,10.83,335.73
Perlis,2014,January,0.52,16.19
Perlis,2014,February,4,112.08
Perlis,2014,March,4.49,139.1
Perlis,2014,April,8.03,240.91
Perlis,2014,May,4.81,149.13
Perlis,2014,June,4.04,121.08
Perlis,2014,July,5.42,168.02
Perlis,2014,August,7.13,220.96
Perlis,2014,September,8.57,257.03
Perlis,2014,October,7.07,219.25
Perlis,2014,November,3.44,103.19
Perlis,2014,December,2.62,81.28
Perlis,2015,January,0.42,12.88
Perlis,2015,February,6.27,175.44
Perlis,2015,March,1.35,41.75
Perlis,2015,April,5.3,159.09
Perlis,2015,May,5.61,173.86
Perlis,2015,June,5.2,156.06
Perlis,2015,July,4.7,145.79
Perlis,2015,August,4.14,128.26
Perlis,2015,September,3.06,91.92
Perlis,2015,October,4.35,134.78
Perlis,2015,November,3.17,95.1
Perlis,2015,December,0.45,13.86
Perlis,2016,January,1.74,54.03
Perlis,2016,February,0.15,4.35
Perlis,2016,March,4.04,125.21
Perlis,2016,April,9.79,293.73
Perlis,2016,May,6.46,200.26
Perlis,2016,June,5.88,176.34
Perlis,2016,July,5.61,174.05
Perlis,2016,August,4.6,142.63
Perlis,2016,September,6.09,182.59
Perlis,2016,October,5.32,164.82
Perlis,2016,November,4.57,136.99
Perlis,2016,December,0.81,25.01
Perlis,2017,January,0.79,24.35
Perlis,2017,February,8.27,231.55
Perlis,2017,March,1.61,49.78
Perlis,2017,April,6.59,197.57
Perlis,2017,May,3.23,100.1
Perlis,2017,June,3.45,103.39
Perlis,2017,July,8.93,276.88
Perlis,2017,August,7.13,221.06
Perlis,2017,September,12.97,389.19
Perlis,2017,October,9.1,282.03
Perlis,2017,November,4.02,120.54
Perlis,2017,December,0.29,9.03
Perlis,2018,January,0.45,13.82
Perlis,2018,February,0.23,6.4
Perlis,2018,March,2.44,75.73
Perlis,2018,April,4.4,132.04
Perlis,2018,May,4.61,142.82
Perlis,2018,June,2.96,88.82
Perlis,2018,July,1.06,32.9
Perlis,2018,August,2,61.93
Perlis,2018,September,1.79,53.66
Perlis,2018,October,1.31,40.62
Perlis,2018,November,4.2,125.92
Perlis,2018,December,0.55,17
Perlis,2019,January,1.07,33.03
Perlis,2019,February,3.87,108.43
Perlis,2019,March,6.84,212.08
Perlis,2019,April,9.31,279.18
Perlis,2019,May,7.13,221
Perlis,2019,June,1.85,55.55
Perlis,2019,July,2.85,88.36
Perlis,2019,August,1.73,53.63
Perlis,2019,September,3.29,98.57
Perlis,2019,October,3.21,99.59
Perlis,2019,November,4.22,126.66
Perlis,2019,December,1.95,60.57
Perlis,2020,January,0.84,26.1
Perlis,2020,February,2.41,69.99
Perlis,2020,March,2.14,66.42
Perlis,2020,April,6.6,198.06
Perlis,2020,May,4.75,147.19
Perlis,2020,June,6.76,202.77
Perlis,2020,July,4.33,134.28
Perlis,2020,August,8.45,261.91
Perlis,2020,September,9.28,278.48
Perlis,2020,October,7.7,238.75
Perlis,2020,November,4.38,131.53
Perlis,2020,December,2.44,75.54
Selangor,2014,January,5.12,158.76
Selangor,2014,February,4.32,120.92
Selangor,2014,March,4.93,152.69
Selangor,2014,April,13.55,406.62
Selangor,2014,May,6.63,205.61
Selangor,2014,June,3.88,116.49
Selangor,2014,July,7.16,221.83
Selangor,2014,August,3.23,100.16
Selangor,2014,September,6.66,199.76
Selangor,2014,October,9.05,280.56
Selangor,2014,November,12.49,374.69
Selangor,2014,December,4.91,152.19
Selangor,2015,January,7.68,237.96
Selangor,2015,February,3.92,109.63
Selangor,2015,March,4.61,142.76
Selangor,2015,April,5.73,171.81
Selangor,2015,May,3.57,110.53
Selangor,2015,June,2.06,61.93
Selangor,2015,July,3.19,98.91
Selangor,2015,August,3.66,113.58
Selangor,2015,September,5.92,177.73
Selangor,2015,October,9.64,298.71
Selangor,2015,November,8.03,240.88
Selangor,2015,December,4.22,130.91
Selangor,2016,January,5.69,176.4
Selangor,2016,February,4.24,122.92
Selangor,2016,March,4.36,135.27
Selangor,2016,April,8.63,258.79
Selangor,2016,May,6.38,197.88
Selangor,2016,June,3.08,92.5
Selangor,2016,July,10.84,336.19
Selangor,2016,August,6.08,188.46
Selangor,2016,September,7.88,236.27
Selangor,2016,October,4.6,142.52
Selangor,2016,November,5.92,177.51
Selangor,2016,December,5.78,179.09
Selangor,2017,January,2.95,91.51
Selangor,2017,February,3.83,107.26
Selangor,2017,March,3.68,113.93
Selangor,2017,April,4.67,140.13
Selangor,2017,May,4.93,152.91
Selangor,2017,June,3.16,94.83
Selangor,2017,July,6.35,196.98
Selangor,2017,August,6.65,206.19
Selangor,2017,September,7.2,216.07
Selangor,2017,October,7.09,219.81
Selangor,2017,November,9.55,286.48
Selangor,2017,December,4.96,153.61
Selangor,2018,January,4.3,133.4
Selangor,2018,February,6.01,168.34
Selangor,2018,March,4.3,133.19
Selangor,2018,April,5.9,176.95
Selangor,2018,May,5.59,173.26
Selangor,2018,June,1.26,37.91
Selangor,2018,July,1.99,61.74
Selangor,2018,August,4.16,129.1
Selangor,2018,September,3.41,102.25
Selangor,2018,October,1.84,57.03
Selangor,2018,November,2.59,77.83
Selangor,2018,December,4.84,150.05
Selangor,2019,January,1.89,58.55
Selangor,2019,February,3.79,106.03
Selangor,2019,March,6.79,210.64
Selangor,2019,April,8.53,255.99
Selangor,2019,May,3.21,99.66
Selangor,2019,June,3.57,107.01
Selangor,2019,July,2.38,73.71
Selangor,2019,August,1.59,49.27
Selangor,2019,September,3.58,107.29
Selangor,2019,October,2.55,79.08
Selangor,2019,November,6.91,207.43
Selangor,2019,December,8.47,262.66
Selangor,2020,January,2.58,79.84
Selangor,2020,February,4.01,116.42
Selangor,2020,March,5.14,159.23
Selangor,2020,April,6.41,192.2
Selangor,2020,May,6.35,196.95
Selangor,2020,June,5.18,155.27
Selangor,2020,July,4.97,153.93
Selangor,2020,August,5.99,185.78
Selangor,2020,September,7.1,213.04
Selangor,2020,October,9.05,280.67
Selangor,2020,November,10.58,317.46
Selangor,2020,December,10.2,316.3
Kuala Lumpur,2014,January,5.12,158.59
Kuala Lumpur,2014,February,4.32,120.89
Kuala Lumpur,2014,March,4.93,152.69
Kuala Lumpur,2014,April,13.58,407.51
Kuala Lumpur,2014,May,6.64,205.79
Kuala Lumpur,2014,June,3.88,116.37
Kuala Lumpur,2014,July,7.16,221.83
Kuala Lumpur,2014,August,3.23,100.28
Kuala Lumpur,2014,September,6.65,199.64
Kuala Lumpur,2014,October,9.05,280.5
Kuala Lumpur,2014,November,12.49,374.7
Kuala Lumpur,2014,December,4.91,152.17
Kuala Lumpur,2015,January,7.68,237.99
Kuala Lumpur,2015,February,3.91,109.54
Kuala Lumpur,2015,March,4.61,142.85
Kuala Lumpur,2015,April,5.74,172.29
Kuala Lumpur,2015,May,3.56,110.44
Kuala Lumpur,2015,June,2.06,61.8
Kuala Lumpur,2015,July,3.19,98.78
Kuala Lumpur,2015,August,3.66,113.5
Kuala Lumpur,2015,September,5.92,177.73
Kuala Lumpur,2015,October,9.63,298.66
Kuala Lumpur,2015,November,8.02,240.62
Kuala Lumpur,2015,December,4.22,130.83
Kuala Lumpur,2016,January,5.69,176.31
Kuala Lumpur,2016,February,4.24,123.01
Kuala Lumpur,2016,March,4.36,135.16
Kuala Lumpur,2016,April,8.64,259.18
Kuala Lumpur,2016,May,6.39,197.99
Kuala Lumpur,2016,June,3.08,92.32
Kuala Lumpur,2016,July,10.85,336.34
Kuala Lumpur,2016,August,6.08,188.52
Kuala Lumpur,2016,September,7.88,236.43
Kuala Lumpur,2016,October,4.59,142.35
Kuala Lumpur,2016,November,5.91,177.34
Kuala Lumpur,2016,December,5.78,179.06
Kuala Lumpur,2017,January,2.95,91.52
Kuala Lumpur,2017,February,3.83,107.26
Kuala Lumpur,2017,March,3.68,114.07
Kuala Lumpur,2017,April,4.67,139.98
Kuala Lumpur,2017,May,4.93,152.81
Kuala Lumpur,2017,June,3.16,94.86
Kuala Lumpur,2017,July,6.36,197.13
Kuala Lumpur,2017,August,6.65,206.05
Kuala Lumpur,2017,September,7.2,216.08
Kuala Lumpur,2017,October,7.09,219.68
Kuala Lumpur,2017,November,9.55,286.48
Kuala Lumpur,2017,December,4.96,153.63
Kuala Lumpur,2018,January,4.3,133.42
Kuala Lumpur,2018,February,6.01,168.29
Kuala Lumpur,2018,March,4.31,133.53
Kuala Lumpur,2018,April,5.9,177.08
Kuala Lumpur,2018,May,5.59,173.36
Kuala Lumpur,2018,June,1.26,37.87
Kuala Lumpur,2018,July,1.99,61.76
Kuala Lumpur,2018,August,4.17,129.14
Kuala Lumpur,2018,September,3.4,102.14
Kuala Lumpur,2018,October,1.83,56.87
Kuala Lumpur,2018,November,2.59,77.7
Kuala Lumpur,2018,December,4.84,150.12
Kuala Lumpur,2019,January,1.89,58.49
Kuala Lumpur,2019,February,3.78,105.97
Kuala Lumpur,2019,March,6.79,210.5
Kuala Lumpur,2019,April,8.53,255.89
Kuala Lumpur,2019,May,3.21,99.52
Kuala Lumpur,2019,June,3.57,107.23
Kuala Lumpur,2019,July,2.38,73.63
Kuala Lumpur,2019,August,1.59,49.2
Kuala Lumpur,2019,September,3.57,107.14
Kuala Lumpur,2019,October,2.55,79.01
Kuala Lumpur,2019,November,6.92,207.45
Kuala Lumpur,2019,December,8.48,262.91
Kuala Lumpur,2020,January,2.57,79.79
Kuala Lumpur,2020,February,4.02,116.51
Kuala Lumpur,2020,March,5.13,159.17
Kuala Lumpur,2020,April,6.41,192.25
Kuala Lumpur,2020,May,6.35,196.96
Kuala Lumpur,2020,June,5.17,155.23
Kuala Lumpur,2020,July,4.97,153.94
Kuala Lumpur,2020,August,5.99,185.65
Kuala Lumpur,2020,September,7.11,213.23
Kuala Lumpur,2020,October,9.05,280.61
Kuala Lumpur,2020,November,10.58,317.38
Kuala Lumpur,2020,December,10.2,316.25
Terengganu,2014,January,5.23,162.24
Terengganu,2014,February,7.5,210.11
Terengganu,2014,March,6.23,193.25
Terengganu,2014,April,4.96,148.65
Terengganu,2014,May,8.97,278.08
Terengganu,2014,June,5.18,155.47
Terengganu,2014,July,6.19,191.95
Terengganu,2014,August,6.2,192.25
Terengganu,2014,September,9.68,290.31
Terengganu,2014,October,10.74,333.01
Terengganu,2014,November,31.8,953.95
Terengganu,2014,December,26.56,823.38
Terengganu,2015,January,9.38,290.71
Terengganu,2015,February,3.54,99.18
Terengganu,2015,March,2.06,63.83
Terengganu,2015,April,2.66,79.67
Terengganu,2015,May,4.66,144.41
Terengganu,2015,June,4.55,136.43
Terengganu,2015,July,4.36,135.29
Terengganu,2015,August,4.27,132.35
Terengganu,2015,September,6.8,204.03
Terengganu,2015,October,8.76,271.52
Terengganu,2015,November,15.77,473.22
Terengganu,2015,December,25.01,775.21
Terengganu,2016,January,4.8,148.76
Terengganu,2016,February,3.59,104.01
Terengganu,2016,March,4.37,135.36
Terengganu,2016,April,6.06,181.88
Terengganu,2016,May,6.62,205.21
Terengganu,2016,June,4.92,147.71
Terengganu,2016,July,9.53,295.56
Terengganu,2016,August,6.37,197.53
Terengganu,2016,September,6.23,186.87
Terengganu,2016,October,7.66,237.47
Terengganu,2016,November,17.87,536
Terengganu,2016,December,33.19,1028.91
Terengganu,2017,January,6.94,215.03
Terengganu,2017,February,5.28,147.73
Terengganu,2017,March,3.13,97.09
Terengganu,2017,April,5.1,153.1
Terengganu,2017,May,6.62,205.37
Terengganu,2017,June,4.31,129.22
Terengganu,2017,July,7.8,241.73
Terengganu,2017,August,7.93,245.69
Terengganu,2017,September,9.7,291.03
Terengganu,2017,October,5.85,181.37
Terengganu,2017,November,28.8,864.08
Terengganu,2017,December,18.38,569.72
Terengganu,2018,January,6.17,191.17
Terengganu,2018,February,3.96,110.82
Terengganu,2018,March,4,124.07
Terengganu,2018,April,3.37,101.08
Terengganu,2018,May,4.68,145.2
Terengganu,2018,June,4.18,125.3
Terengganu,2018,July,3.07,95.32
Terengganu,2018,August,4.04,125.3
Terengganu,2018,September,3.33,99.79
Terengganu,2018,October,1.03,32.02
Terengganu,2018,November,3.26,97.82
Terengganu,2018,December,14.57,451.7
Terengganu,2019,January,16.21,502.4
Terengganu,2019,February,5.55,155.33
Terengganu,2019,March,10.81,335.18
Terengganu,2019,April,7.36,220.87
Terengganu,2019,May,6.07,188.12
Terengganu,2019,June,5.6,167.91
Terengganu,2019,July,2.65,82.2
Terengganu,2019,August,2.41,74.61
Terengganu,2019,September,4.69,140.84
Terengganu,2019,October,2,62.15
Terengganu,2019,November,11.01,330.17
Terengganu,2019,December,18.9,585.96
Terengganu,2020,January,2.98,92.44
Terengganu,2020,February,2.8,81.22
Terengganu,2020,March,2.66,82.35
Terengganu,2020,April,3.34,100.28
Terengganu,2020,May,5.84,180.99
Terengganu,2020,June,8.07,242.09
Terengganu,2020,July,9.09,281.88
Terengganu,2020,August,6.79,210.53
Terengganu,2020,September,6.46,193.89
Terengganu,2020,October,10.11,313.29
Terengganu,2020,November,20.59,617.62
Terengganu,2020,December,29.02,899.49
Sarawak,2014,January,13.24,410.44
Sarawak,2014,February,7.35,205.8
Sarawak,2014,March,5.15,159.65
Sarawak,2014,April,13.81,414.3
Sarawak,2014,May,6.99,216.69
Sarawak,2014,June,9.86,295.8
Sarawak,2014,July,5.42,168.02
Sarawak,2014,August,14.06,435.86
Sarawak,2014,September,6.97,209.1
Sarawak,2014,October,8.01,248.31
Sarawak,2014,November,9.97,299.1
Sarawak,2014,December,16.85,522.35
Sarawak,2015,January,31.76,984.56
Sarawak,2015,February,21.58,604.24
Sarawak,2015,March,6.48,200.88
Sarawak,2015,April,9.15,274.5
Sarawak,2015,May,11.35,351.85
Sarawak,2015,June,9.86,295.8
Sarawak,2015,July,6.87,212.97
Sarawak,2015,August,4.79,148.49
Sarawak,2015,September,4.2,126
Sarawak,2015,October,7.43,230.33
Sarawak,2015,November,20.46,613.8
Sarawak,2015,December,16.93,524.83
Sarawak,2016,January,9.68,300.08
Sarawak,2016,February,48.28,1400.12
Sarawak,2016,March,20.97,650.07
Sarawak,2016,April,18.33,549.9
Sarawak,2016,May,11.29,349.99
Sarawak,2016,June,15,450
Sarawak,2016,July,6.45,199.95
Sarawak,2016,August,9.68,300.08
Sarawak,2016,September,10,300
Sarawak,2016,October,9.68,300.08
Sarawak,2016,November,13.33,399.9
Sarawak,2016,December,9.68,300.08
Sarawak,2017,January,13.23,410.13
Sarawak,2017,February,17.14,479.92
Sarawak,2017,March,7.29,225.99
Sarawak,2017,April,11.33,339.9
Sarawak,2017,May,9.03,279.93
Sarawak,2017,June,9,270
Sarawak,2017,July,8.06,249.86
Sarawak,2017,August,11.61,359.91
Sarawak,2017,September,7,210
Sarawak,2017,October,6.61,204.91
Sarawak,2017,November,6.67,200.1
Sarawak,2017,December,15.81,490.11
Sarawak,2018,January,9.72,301.32
Sarawak,2018,February,14.64,409.92
Sarawak,2018,March,12.1,375.1
Sarawak,2018,April,13,390
Sarawak,2018,May,7.1,220.1
Sarawak,2018,June,9,270
Sarawak,2018,July,9.19,284.89
Sarawak,2018,August,3.87,119.97
Sarawak,2018,September,8.33,249.9
Sarawak,2018,October,11.45,354.95
Sarawak,2018,November,11.67,350.1
Sarawak,2018,December,18.06,559.86
Sarawak,2019,January,13.55,420.05
Sarawak,2019,February,10.71,299.88
Sarawak,2019,March,5.81,180.11
Sarawak,2019,April,6,180
Sarawak,2019,May,8.39,260.09
Sarawak,2019,June,8.33,249.9
Sarawak,2019,July,6.45,199.95
Sarawak,2019,August,5.16,159.96
Sarawak,2019,September,4.67,140.1
Sarawak,2019,October,12.26,380.06
Sarawak,2019,November,8.33,249.9
Sarawak,2019,December,18.71,580.01
Sarawak,2020,January,15.48,479.88
Sarawak,2020,February,17.79,515.91
Sarawak,2020,March,12.26,380.06
Sarawak,2020,April,10.33,309.9
Sarawak,2020,May,9.68,300.08
Sarawak,2020,June,9,270
Sarawak,2020,July,4.52,140.12
Sarawak,2020,August,8.39,260.09
Sarawak,2020,September,12.67,380.1
Sarawak,2020,October,11.29,349.99
Sarawak,2020,November,9.67,290.1
Sarawak,2020,December,12.58,389.98
Sabah,2014,January,10.32,319.92
Sabah,2014,February,2.5,70
Sabah,2014,March,1.94,60.14
Sabah,2014,April,1.67,50.1
Sabah,2014,May,7.1,220.1
Sabah,2014,June,5.33,159.9
Sabah,2014,July,7.74,239.94
Sabah,2014,August,13.87,429.97
Sabah,2014,September,8.33,249.9
Sabah,2014,October,19.1,592.1
Sabah,2014,November,5.67,170.1
Sabah,2014,December,15.48,479.88
Sabah,2015,January,7.42,230.02
Sabah,2015,February,0.11,3.1
Sabah,2015,March,0.04,1.24
Sabah,2015,April,1.83,54.9
Sabah,2015,May,0.81,25.11
Sabah,2015,June,6,180
Sabah,2015,July,7.1,220.1
Sabah,2015,August,13.4,415.4
Sabah,2015,September,5.83,174.9
Sabah,2015,October,6.45,199.95
Sabah,2015,November,7.83,234.9
Sabah,2015,December,8.06,249.86
Sabah,2016,January,0.65,20.15
Sabah,2016,February,1.72,49.88
Sabah,2016,March,0.48,14.88
Sabah,2016,April,1.67,50.1
Sabah,2016,May,4.84,150.04
Sabah,2016,June,9.33,279.9
Sabah,2016,July,11.25,348.75
Sabah,2016,August,6.45,199.95
Sabah,2016,September,10.67,320.1
Sabah,2016,October,7.42,230.02
Sabah,2016,November,6.67,200.1
Sabah,2016,December,4.84,150.04
Sabah,2017,January,20.59,638.29
Sabah,2017,February,7.14,199.92
Sabah,2017,March,12.26,380.06
Sabah,2017,April,12,360
Sabah,2017,May,6.45,199.95
Sabah,2017,June,14.33,429.9
Sabah,2017,July,9.35,289.85
Sabah,2017,August,10,310
Sabah,2017,September,6,180
Sabah,2017,October,9.35,289.85
Sabah,2017,November,10.33,309.9
Sabah,2017,December,18.06,559.86
Sabah,2018,January,10.97,340.07
Sabah,2018,February,10.36,290.08
Sabah,2018,March,8.39,260.09
Sabah,2018,April,12,360
Sabah,2018,May,0.97,30.07
Sabah,2018,June,8.33,249.9
Sabah,2018,July,5.65,175.15
Sabah,2018,August,8.39,260.09
Sabah,2018,September,6.67,200.1
Sabah,2018,October,10,310
Sabah,2018,November,10,300
Sabah,2018,December,12.18,377.58
Sabah,2019,January,14.52,450.12
Sabah,2019,February,0.71,19.88
Sabah,2019,March,10.32,319.92
Sabah,2019,April,6.67,200.1
Sabah,2019,May,7.1,220.1
Sabah,2019,June,10,300
Sabah,2019,July,10.97,340.07
Sabah,2019,August,6.45,199.95
Sabah,2019,September,4,120
Sabah,2019,October,6.45,199.95
Sabah,2019,November,10,300
Sabah,2019,December,16.22,502.82
Sabah,2020,January,12.26,380.06
Sabah,2020,February,2.76,80.04
Sabah,2020,March,3.87,119.97
Sabah,2020,April,5,150
Sabah,2020,May,2.26,70.06
Sabah,2020,June,7.67,230.1
Sabah,2020,July,5.48,169.88
Sabah,2020,August,6.45,199.95
Sabah,2020,September,4.33,129.9
Sabah,2020,October,4.52,140.12
Sabah,2020,November,13.63,408.9
Sabah,2020,December,9.35,289.85
Labuan,2014,January,17.74,549.94
Labuan,2014,February,6.43,180.04
Labuan,2014,March,1.61,49.91
Labuan,2014,April,2.67,80.1
Labuan,2014,May,12.65,392.15
Labuan,2014,June,5.33,159.9
Labuan,2014,July,4.84,150.04
Labuan,2014,August,7.74,239.94
Labuan,2014,September,6.67,200.1
Labuan,2014,October,8.71,270.01
Labuan,2014,November,15,450
Labuan,2014,December,10.65,330.15
Labuan,2015,January,10.97,340.07
Labuan,2015,February,1.07,29.96
Labuan,2015,March,0.81,25.11
Labuan,2015,April,3.33,99.9
Labuan,2015,May,6.45,199.95
Labuan,2015,June,12.67,380.1
Labuan,2015,July,8.39,260.09
Labuan,2015,August,9.35,289.85
Labuan,2015,September,4,120
Labuan,2015,October,6.45,199.95
Labuan,2015,November,13.33,399.9
Labuan,2015,December,14.64,453.84
Labuan,2016,January,20.59,638.29
Labuan,2016,February,7.14,207.06
Labuan,2016,March,12.26,380.06
Labuan,2016,April,12,360
Labuan,2016,May,6.45,199.95
Labuan,2016,June,14.33,429.9
Labuan,2016,July,9.35,289.85
Labuan,2016,August,10,310
Labuan,2016,September,6,180
Labuan,2016,October,9.35,289.85
Labuan,2016,November,10.33,309.9
Labuan,2016,December,18.06,559.86
Labuan,2017,January,2.58,79.98
Labuan,2017,February,4.64,129.92
Labuan,2017,March,9.68,300.08
Labuan,2017,April,5,150
Labuan,2017,May,11.29,349.99
Labuan,2017,June,13.33,399.9
Labuan,2017,July,13.23,410.13
Labuan,2017,August,30.01,930.31
Labuan,2017,September,20,600
Labuan,2017,October,19.35,599.85
Labuan,2017,November,6,180
Labuan,2017,December,24.19,749.89
Labuan,2018,January,13.55,420.05
Labuan,2018,February,7.14,199.92
Labuan,2018,March,4.84,150.04
Labuan,2018,April,9.33,279.9
Labuan,2018,May,5.16,159.96
Labuan,2018,June,12.33,369.9
Labuan,2018,July,4.19,129.89
Labuan,2018,August,2.58,79.98
Labuan,2018,September,11.16,334.8
Labuan,2018,October,11.94,370.14
Labuan,2018,November,11.33,339.9
Labuan,2018,December,5.81,180.11
Labuan,2019,January,14.52,450.12
Labuan,2019,February,0.71,19.88
Labuan,2019,March,10.32,319.92
Labuan,2019,April,6.67,200.1
Labuan,2019,May,7.1,220.1
Labuan,2019,June,10,300
Labuan,2019,July,10.97,340.07
Labuan,2019,August,6.45,199.95
Labuan,2019,September,4,120
Labuan,2019,October,6.45,199.95
Labuan,2019,November,10,300
Labuan,2019,December,16.22,502.82
Labuan,2020,January,7.42,230.02
Labuan,2020,February,0.36,10.44
Labuan,2020,March,1.61,49.91
Labuan,2020,April,4.67,140.1
Labuan,2020,May,4.84,150.04
Labuan,2020,June,12,360
Labuan,2020,July,12.26,380.06
Labuan,2020,August,9.03,279.93
Labuan,2020,September,5.33,159.9
Labuan,2020,October,19.15,593.65
Labuan,2020,November,15,450
Labuan,2020,December,21.29,659.99
Putrajaya,2014,January,12.26,380.06
Putrajaya,2014,February,2.76,77.28
Putrajaya,2014,March,3.87,119.97
Putrajaya,2014,April,5,150
Putrajaya,2014,May,2.26,70.06
Putrajaya,2014,June,7.67,230.1
Putrajaya,2014,July,5.48,169.88
Putrajaya,2014,August,6.45,199.95
Putrajaya,2014,September,4.33,129.9
Putrajaya,2014,October,4.52,140.12
Putrajaya,2014,November,13.63,408.9
Putrajaya,2014,December,9.35,289.85
Putrajaya,2015,January,6.94,215.14
Putrajaya,2015,February,0.34,9.52
Putrajaya,2015,March,4.84,150.04
Putrajaya,2015,April,11,330
Putrajaya,2015,May,6.45,199.95
Putrajaya,2015,June,16.67,500.1
Putrajaya,2015,July,22.58,699.98
Putrajaya,2015,August,11.94,370.14
Putrajaya,2015,September,16,480
Putrajaya,2015,October,22.31,691.61
Putrajaya,2015,November,12.67,380.1
Putrajaya,2015,December,15.48,479.88
Putrajaya,2016,January,2.58,79.98
Putrajaya,2016,February,3.45,100.05
Putrajaya,2016,March,3.23,100.13
Putrajaya,2016,April,1,30
Putrajaya,2016,May,11.17,346.27
Putrajaya,2016,June,4,120
Putrajaya,2016,July,5.81,180.11
Putrajaya,2016,August,1.94,60.14
Putrajaya,2016,September,7.33,219.9
Putrajaya,2016,October,4.84,150.04
Putrajaya,2016,November,5.67,170.1
Putrajaya,2016,December,4.84,150.04
Putrajaya,2017,January,6.45,199.95
Putrajaya,2017,February,6.07,169.96
Putrajaya,2017,March,6.13,190.03
Putrajaya,2017,April,7.67,230.1
Putrajaya,2017,May,4.17,129.27
Putrajaya,2017,June,5,150
Putrajaya,2017,July,5.48,169.88
Putrajaya,2017,August,7.74,239.94
Putrajaya,2017,September,10.17,305.1
Putrajaya,2017,October,5.16,159.96
Putrajaya,2017,November,10,300
Putrajaya,2017,December,3.87,119.97
Putrajaya,2018,January,9.68,300.08
Putrajaya,2018,February,1.79,50.12
Putrajaya,2018,March,6.45,199.95
Putrajaya,2018,April,3.33,99.9
Putrajaya,2018,May,6.45,199.95
Putrajaya,2018,June,7.33,219.9
Putrajaya,2018,July,4.19,129.89
Putrajaya,2018,August,3.23,100.13
Putrajaya,2018,September,8.33,249.9
Putrajaya,2018,October,11.23,348.13
Putrajaya,2018,November,12.33,369.9
Putrajaya,2018,December,10.32,319.92
Putrajaya,2019,January,5.32,164.92
Putrajaya,2019,February,3.21,89.88
Putrajaya,2019,March,5,155
Putrajaya,2019,April,3,90
Putrajaya,2019,May,1.77,54.87
Putrajaya,2019,June,6.5,195
Putrajaya,2019,July,2.42,75.02
Putrajaya,2019,August,3.55,110.05
Putrajaya,2019,September,4.5,135
Putrajaya,2019,October,8.87,274.97
Putrajaya,2019,November,9.5,285
Putrajaya,2019,December,8.39,260.09
Putrajaya,2020,January,4.35,134.85
Putrajaya,2020,February,4.83,140.07
Putrajaya,2020,March,4.19,129.89
Putrajaya,2020,April,11,330
Putrajaya,2020,May,8.06,249.86
Putrajaya,2020,June,8.67,260.1
Putrajaya,2020,July,11.99,371.69
Putrajaya,2020,August,2.58,79.98
Putrajaya,2020,September,5.67,170.1
Putrajaya,2020,October,3.55,110.05
Putrajaya,2020,November,6.33,189.9
Putrajaya,2020,December,6.13,190.03
